,Last Name,First Name,Height,Weight,bmi
0,Cadeau,Elliot,73,180,23.74554325389379
1,Ryan,Cormac,77,195,23.12109967954124
2,Davis,RJ,72,180,24.409722222222225
